year_month,country,currency,currency_name,avg_rate,min_rate,max_rate,data_points
2026_10,Korea,KRW,대한민국 원,1355.7,1355.7,1355.7,1
2026_10,Vietnam,VND,베트남 동,25624,25624,25624,1
2026_09,China,CNY,중국 위안,6.76,6.74,6.78,21
2026_09,Egypt,EGP,이집트 파운드,51.59,50.88,52.21,23
2026_09,Indonesia,IDR,인도네시아 루피아,17693,17476,17877,17
2026_09,Korea,KRW,South Korean Won,1359.2,1340.5,1388.0,20
2026_09,Poland,PLN,폴란드 즐로티,3.75,3.71,3.85,14
2026_09,Vietnam,VND,베트남 동,25620,25591,25641,24
2026_08,China,CNY,중국 위안,6.79,6.78,6.79,21
2026_08,Egypt,EGP,이집트 파운드,50.36,49.79,50.92,21
2026_08,Indonesia,IDR,인도네시아 루피아,17805,17659,17987,21
2026_08,Korea,KRW,대한민국 원,1404.09,1369.5,1431.0,20
2026_08,Poland,PLN,폴란드 즐로티,3.72,3.68,3.75,21
2026_08,Vietnam,VND,베트남 동,25534,25338,25615,26
2026_07,China,CNY,중국 위안,6.8,6.79,6.81,23
2026_07,Egypt,EGP,이집트 파운드,50.3,48.81,51.35,20
2026_07,Indonesia,IDR,인도네시아 루피아,18011,17891,18106,23
2026_07,Korea,KRW,대한민국 원,1489.55,1426.2,1552.5,22
2026_07,Poland,PLN,폴란드 즐로티,3.78,3.74,3.81,23
2026_07,Vietnam,VND,베트남 동,25247,25202,25338,27
2026_06,China,CNY,중국 위안,6.82,6.81,6.82,21
2026_06,Egypt,EGP,이집트 파운드,50.73,49.23,52.16,21
2026_06,Indonesia,IDR,인도네시아 루피아,17898,17720,18150,22
2026_06,Korea,KRW,대한민국 원,1531.62,1511.0,1559.5,21
2026_06,Poland,PLN,폴란드 즐로티,3.7,3.63,3.78,21
2026_06,Vietnam,VND,베트남 동,25168,25138,25206,26
2026_05,China,CNY,중국 위안,6.84,6.82,6.86,18
2026_05,Egypt,EGP,이집트 파운드,53.03,52.29,53.75,16
2026_05,Indonesia,IDR,인도네시아 루피아,17595,17298,17851,20
2026_05,Korea,KRW,대한민국 원,1489.85,1449.0,1512.0,18
2026_05,Poland,PLN,폴란드 즐로티,3.63,3.59,3.67,20
2026_05,Vietnam,VND,베트남 동,25127,25111,25139,25
2026_04,China,CNY,중국 위안,6.87,6.86,6.9,21
2026_04,Egypt,EGP,이집트 파운드,52.97,51.74,54.72,20
2026_04,Indonesia,IDR,인도네시아 루피아,17156,16915,17349,20
2026_04,Korea,KRW,대한민국 원,1485.91,1472.3,1513.5,22
2026_04,Poland,PLN,폴란드 즐로티,3.64,3.59,3.72,21
2026_04,Vietnam,VND,베트남 동,25106,25100,25113,25
2026_03,China,CNY,중국 위안,6.9,6.89,6.92,22
2026_03,Egypt,EGP,이집트 파운드,52.01,48.75,54.59,20
2026_03,Indonesia,IDR,인도네시아 루피아,16924,16855,17018,22
2026_03,Korea,KRW,대한민국 원,1492.26,1463.5,1517.5,21
2026_03,Poland,PLN,폴란드 즐로티,3.7,3.61,3.74,22
2026_03,Vietnam,VND,베트남 동,25074,25038,25109,26
2026_02,China,CNY,중국 위안,6.95,6.92,6.97,14
2026_02,Egypt,EGP,이집트 파운드,47.2,46.78,47.95,20
2026_02,Indonesia,IDR,인도네시아 루피아,16827,16768,16918,20
2026_02,Korea,KRW,대한민국 원,1451.5,1427.5,1469.0,17
2026_02,Poland,PLN,폴란드 즐로티,3.57,3.54,3.59,20
2026_02,Vietnam,VND,베트남 동,25056,25044,25069,19
2026_01,China,CNY,중국 위안,7.0,6.97,7.02,20
2026_01,Egypt,EGP,이집트 파운드,47.25,46.92,47.6,18
2026_01,Indonesia,IDR,인도네시아 루피아,16832,16716,16973,21
2026_01,Korea,KRW,대한민국 원,1457.67,1433.5,1479.8,21
2026_01,Poland,PLN,폴란드 즐로티,3.59,3.5,3.63,20
2026_01,Vietnam,VND,베트남 동,25118,25074,25135,26
2025_12,China,CNY,중국 위안,7.06,7.03,7.08,23
2025_12,Egypt,EGP,이집트 파운드,47.57,47.42,47.71,23
2025_12,Indonesia,IDR,인도네시아 루피아,16695,16590,16787,21
2025_12,Korea,KRW,대한민국 원,1467.09,1434.5,1482.0,22
2025_12,Poland,PLN,폴란드 즐로티,3.61,3.58,3.65,20
2025_12,Vietnam,VND,베트남 동,25145,25121,25156,27
2025_11,China,CNY,중국 위안,7.09,7.08,7.09,20
2025_11,Egypt,EGP,이집트 파운드,47.39,47.06,47.83,21
2025_11,Indonesia,IDR,인도네시아 루피아,16698,16609,16760,20
2025_11,Korea,KRW,대한민국 원,1461.25,1431.0,1475.2,20
2025_11,Poland,PLN,폴란드 즐로티,3.67,3.64,3.71,19
2025_11,Vietnam,VND,베트남 동,25124,25093,25155,25
2025_10,China,CNY,중국 위안,7.09,7.08,7.11,17
2025_10,Egypt,EGP,이집트 파운드,47.58,47.22,47.88,21
2025_10,Indonesia,IDR,인도네시아 루피아,16604,16560,16666,23
2025_10,Korea,KRW,대한민국 원,1428.21,1403.5,1439.7,18
2025_10,Poland,PLN,폴란드 즐로티,3.65,3.62,3.69,23
2025_10,Vietnam,VND,베트남 동,25119,25091,25187,27
2025_09,China,CNY,중국 위안,7.11,7.1,7.12,22
2025_09,Egypt,EGP,이집트 파운드,48.22,47.87,48.59,21
2025_09,Indonesia,IDR,인도네시아 루피아,16535,16408,16784,22
2025_09,Korea,KRW,대한민국 원,1394.07,1379.8,1410.5,22
2025_09,Poland,PLN,폴란드 즐로티,3.63,3.59,3.66,22
2025_09,Vietnam,VND,베트남 동,25212,25186,25248,26
2025_08,China,CNY,중국 위안,7.13,7.1,7.15,21
2025_08,Egypt,EGP,이집트 파운드,48.49,48.3,48.65,21
2025_08,Indonesia,IDR,인도네시아 루피아,16308,16104,16520,21
2025_08,Korea,KRW,대한민국 원,1389.95,1380.0,1401.5,20
2025_08,Poland,PLN,폴란드 즐로티,3.67,3.63,3.75,20
2025_08,Vietnam,VND,베트남 동,25252,25219,25298,27
2025_07,China,CNY,중국 위안,7.15,7.14,7.15,23
2025_07,Egypt,EGP,이집트 파운드,49.25,48.66,49.69,21
2025_07,Indonesia,IDR,인도네시아 루피아,16297,16194,16497,23
2025_07,Korea,KRW,대한민국 원,1379.38,1356.0,1395.0,23
2025_07,Poland,PLN,폴란드 즐로티,3.64,3.59,3.73,23
2025_07,Vietnam,VND,베트남 동,25151,25058,25240,27
2025_06,China,CNY,중국 위안,7.18,7.16,7.19,20
2025_06,Egypt,EGP,이집트 파운드,50.03,49.49,50.8,18
2025_06,Indonesia,IDR,인도네시아 루피아,16305,16213,16502,21
2025_06,Korea,KRW,대한민국 원,1366.28,1354.0,1379.5,19
2025_06,Poland,PLN,폴란드 즐로티,3.7,3.62,3.76,20
2025_06,Vietnam,VND,베트남 동,25008,24955,25058,25
2025_05,China,CNY,중국 위안,7.19,7.18,7.21,19
2025_05,Egypt,EGP,이집트 파운드,50.21,49.74,50.72,20
2025_05,Indonesia,IDR,인도네시아 루피아,16428,16252,16660,21
2025_05,Korea,KRW,대한민국 원,1390.57,1368.0,1420.5,19
2025_05,Poland,PLN,폴란드 즐로티,3.77,3.73,3.83,21
2025_05,Vietnam,VND,베트남 동,24956,24927,24978,25
2025_04,China,CNY,중국 위안,7.2,7.18,7.21,21
2025_04,Egypt,EGP,이집트 파운드,51.07,50.6,51.68,17
2025_04,Indonesia,IDR,인도네시아 루피아,16829,16620,16958,20
2025_04,Korea,KRW,대한민국 원,1441.71,1417.0,1486.5,22
2025_04,Poland,PLN,폴란드 즐로티,3.8,3.72,3.93,21
2025_04,Vietnam,VND,베트남 동,24927,24835,24963,5
2025_03,China,CNY,중국 위안,7.17,7.17,7.18,21
2025_03,Egypt,EGP,이집트 파운드,50.62,50.48,50.71,20
2025_03,Indonesia,IDR,인도네시아 루피아,16472,16270,16637,21
2025_03,Korea,KRW,대한민국 원,1458.63,1445.0,1474.0,20
2025_03,Poland,PLN,폴란드 즐로티,3.87,3.82,4.01,21
2025_03,Vietnam,VND,베트남 동,24758,24758,24758,1
2025_02,China,CNY,중국 위안,7.17,7.17,7.17,18
2025_02,Egypt,EGP,이집트 파운드,50.5,50.23,50.66,20
2025_02,Indonesia,IDR,인도네시아 루피아,16346,16206,16548,20
2025_02,Korea,KRW,대한민국 원,1445.94,1430.2,1462.0,20
2025_02,Poland,PLN,폴란드 즐로티,4.01,3.94,4.14,20
2025_02,Vietnam,VND,베트남 동,24325,24325,24325,1
2025_01,China,CNY,중국 위안,7.18,7.17,7.19,18
2025_01,Egypt,EGP,이집트 파운드,50.42,50.2,50.77,20
2025_01,Indonesia,IDR,인도네시아 루피아,16258,16139,16406,22
2025_01,Korea,KRW,대한민국 원,1456.36,1436.5,1474.8,18
2025_01,Poland,PLN,폴란드 즐로티,4.1,4.01,4.19,21
2025_01,Vietnam,VND,베트남 동,24334,24334,24335,2
